date,rarete,titre,atk,def,url
2026-09-23T08:15:29+00:00,C,Villa Medicea di Arena Metato,1682,1839,https://fr.wikipedia.org/wiki/Villa_Medicea_di_Arena_Metato
2026-09-23T08:15:29+00:00,C,Septième arrondissement électoral du Nord (Douai) de 1821 à 1830,1751,3285,https://fr.wikipedia.org/wiki/Septi%C3%A8me_arrondissement_%C3%A9lectoral_du_Nord_(Douai)_de_1821_%C3%A0_1830
2026-09-23T08:15:29+00:00,PC,Liste des pièces commémoratives de 2 euros de 2011,3448,5706,https://fr.wikipedia.org/wiki/Liste_des_pi%C3%A8ces_comm%C3%A9moratives_de_2_euros_de_2011
2026-09-23T08:15:29+00:00,PC,Foyer socio-éducatif,2816,2045,https://fr.wikipedia.org/wiki/Foyer_socio-%C3%A9ducatif
2026-09-23T08:15:29+00:00,R,Histoire de la culture de l'hévéa,5819,7318,https://fr.wikipedia.org/wiki/Histoire_de_la_culture_de_l%27h%C3%A9v%C3%A9a
2026-09-23T08:28:43+00:00,C,Sénégal aux Jeux olympiques d'hiver de 1984,1666,1725,https://fr.wikipedia.org/wiki/S%C3%A9n%C3%A9gal_aux_Jeux_olympiques_d%27hiver_de_1984
2026-09-23T08:28:43+00:00,C,Kyjov (district de Žďár nad Sázavou),1760,3705,https://fr.wikipedia.org/wiki/Kyjov_(district_de_%C5%BD%C4%8F%C3%A1r_nad_S%C3%A1zavou)
2026-09-23T08:28:43+00:00,C,Château de Garengo,1810,3921,https://fr.wikipedia.org/wiki/Ch%C3%A2teau_de_Garengo
2026-09-23T08:28:43+00:00,C,Ryan Johnston,1893,2680,https://fr.wikipedia.org/wiki/Ryan_Johnston
2026-09-23T08:28:43+00:00,R,Le Protecteur (série télévisée),4771,3154,https://fr.wikipedia.org/wiki/Le_Protecteur_(s%C3%A9rie_t%C3%A9l%C3%A9vis%C3%A9e)
2026-09-23T08:31:42+00:00,C,Austrian Business Agency,1893,2831,https://fr.wikipedia.org/wiki/Austrian_Business_Agency
2026-09-23T08:31:42+00:00,C,Pseudoterpna,1630,2391,https://fr.wikipedia.org/wiki/Pseudoterpna
2026-09-23T08:31:42+00:00,C,Carex mokkwaensis,1509,1172,https://fr.wikipedia.org/wiki/Carex_mokkwaensis
2026-09-23T08:31:42+00:00,C,Troglodyte bambla,1781,4679,https://fr.wikipedia.org/wiki/Troglodyte_bambla
2026-09-23T08:31:42+00:00,PC,Hitman pro,2795,779,https://fr.wikipedia.org/wiki/Hitman_pro
2026-09-23T08:44:47+00:00,C,Olethreutini,1673,2915,https://fr.wikipedia.org/wiki/Olethreutini
2026-09-23T08:44:47+00:00,C,Tournoi de tennis de Zurich (WTA 2001),2021,2808,https://fr.wikipedia.org/wiki/Tournoi_de_tennis_de_Zurich_(WTA_2001)
2026-09-23T08:44:47+00:00,C,Jacques Estienne (homonymie),1579,3985,https://fr.wikipedia.org/wiki/Jacques_Estienne_(homonymie)
2026-09-23T08:44:47+00:00,C,Rue Galvani,1675,2823,https://fr.wikipedia.org/wiki/Rue_Galvani
2026-09-23T08:44:47+00:00,R,Green Lantern (série télévisée d'animation),5017,4498,https://fr.wikipedia.org/wiki/Green_Lantern_(s%C3%A9rie_t%C3%A9l%C3%A9vis%C3%A9e_d%27animation)
2026-09-23T08:47:21+00:00,C,Søren P. Larsen,1663,1628,https://fr.wikipedia.org/wiki/S%C3%B8ren_P._Larsen
2026-09-23T08:47:21+00:00,C,Radio Tunisie Culture,1899,3689,https://fr.wikipedia.org/wiki/Radio_Tunisie_Culture
2026-09-23T08:47:21+00:00,C,(27749) Tsukadaken,1861,4846,https://fr.wikipedia.org/wiki/(27749)_Tsukadaken
2026-09-23T08:47:21+00:00,C,North Gosforth,1772,4472,https://fr.wikipedia.org/wiki/North_Gosforth
2026-09-23T08:47:21+00:00,UR,Renée Zellweger,8240,5893,https://fr.wikipedia.org/wiki/Ren%C3%A9e_Zellweger
2026-09-23T09:17:54+00:00,C,Shiromine-ji,1786,4511,https://fr.wikipedia.org/wiki/Shiromine-ji
2026-09-23T09:17:54+00:00,C,Route 346 (Terre-Neuve-et-Labrador),1714,2433,https://fr.wikipedia.org/wiki/Route_346_(Terre-Neuve-et-Labrador)
2026-09-23T09:17:54+00:00,C,Ludibrium,1484,617,https://fr.wikipedia.org/wiki/Ludibrium
2026-09-23T09:17:54+00:00,PC,Canard à foie gras du Sud-Ouest,3311,5477,https://fr.wikipedia.org/wiki/Canard_%C3%A0_foie_gras_du_Sud-Ouest
2026-09-23T09:17:54+00:00,PC,Fonction quantile,2859,2788,https://fr.wikipedia.org/wiki/Fonction_quantile
2026-09-23T09:23:52+00:00,C,Cricri,1304,144,https://fr.wikipedia.org/wiki/Cricri
2026-09-23T09:23:52+00:00,C,Meedhuizen,1649,2065,https://fr.wikipedia.org/wiki/Meedhuizen
2026-09-23T09:23:52+00:00,C,Conseiller militaire,1547,1385,https://fr.wikipedia.org/wiki/Conseiller_militaire
2026-09-23T09:23:52+00:00,C,Nova Veneza (Santa Catarina),1826,3799,https://fr.wikipedia.org/wiki/Nova_Veneza_(Santa_Catarina)
2026-09-23T09:23:52+00:00,R,Kazunari Ninomiya,4885,2906,https://fr.wikipedia.org/wiki/Kazunari_Ninomiya
2026-09-23T09:23:56+00:00,C,PRIMES,2029,3599,https://fr.wikipedia.org/wiki/PRIMES
2026-09-23T09:23:56+00:00,C,Zaboukh,1928,4389,https://fr.wikipedia.org/wiki/Zaboukh
2026-09-23T09:23:56+00:00,C,Championnat de France féminin de kin-ball 2010-2011,1674,2203,https://fr.wikipedia.org/wiki/Championnat_de_France_f%C3%A9minin_de_kin-ball_2010-2011
2026-09-23T09:23:56+00:00,C,Ronnie Cowan (homme politique),1817,3419,https://fr.wikipedia.org/wiki/Ronnie_Cowan_(homme_politique)
2026-09-23T09:23:56+00:00,C,Georg Bottmann,1744,3019,https://fr.wikipedia.org/wiki/Georg_Bottmann
2026-09-23T09:47:16+00:00,C,Shorter (Alabama),1782,3868,https://fr.wikipedia.org/wiki/Shorter_(Alabama)
2026-09-23T09:47:16+00:00,C,Scytodes maresi,1698,4490,https://fr.wikipedia.org/wiki/Scytodes_maresi
2026-09-23T09:47:16+00:00,C,Mixage réducteur,1665,3222,https://fr.wikipedia.org/wiki/Mixage_r%C3%A9ducteur
2026-09-23T09:47:16+00:00,C,Yūko Mori,2090,5239,https://fr.wikipedia.org/wiki/Y%C5%ABko_Mori
2026-09-23T09:47:16+00:00,C,Musée de Gorkha,1768,1739,https://fr.wikipedia.org/wiki/Mus%C3%A9e_de_Gorkha
2026-09-23T09:47:20+00:00,C,Meilleur arbitre de l'année de Serie A,1716,986,https://fr.wikipedia.org/wiki/Meilleur_arbitre_de_l%27ann%C3%A9e_de_Serie_A
2026-09-23T09:47:20+00:00,C,Partners of the Trail,1720,1373,https://fr.wikipedia.org/wiki/Partners_of_the_Trail
2026-09-23T09:47:20+00:00,C,Evgeny Matveev,2039,3133,https://fr.wikipedia.org/wiki/Evgeny_Matveev
2026-09-23T09:47:20+00:00,C,Porva,1537,3339,https://fr.wikipedia.org/wiki/Porva
2026-09-23T09:47:20+00:00,C,1968 en philosophie,1697,2623,https://fr.wikipedia.org/wiki/1968_en_philosophie
2026-09-23T10:12:52+00:00,C,Stary Jawornik,1341,1176,https://fr.wikipedia.org/wiki/Stary_Jawornik
2026-09-23T10:12:52+00:00,C,Éternité (album),1851,3940,https://fr.wikipedia.org/wiki/%C3%89ternit%C3%A9_(album)
2026-09-23T10:12:52+00:00,C,Wattsburg (Pennsylvanie),1770,4561,https://fr.wikipedia.org/wiki/Wattsburg_(Pennsylvanie)
2026-09-23T10:12:52+00:00,C,Newton S. Grimwood,1654,4117,https://fr.wikipedia.org/wiki/Newton_S._Grimwood
2026-09-23T10:12:52+00:00,PC,Gaye Su Akyol,2924,4176,https://fr.wikipedia.org/wiki/Gaye_Su_Akyol
2026-09-23T10:12:56+00:00,C,Famille de paysans de Kahlenberg,1619,343,https://fr.wikipedia.org/wiki/Famille_de_paysans_de_Kahlenberg
2026-09-23T10:12:56+00:00,C,Saving Face,1553,899,https://fr.wikipedia.org/wiki/Saving_Face
2026-09-23T10:12:56+00:00,C,"Eric Williams (basket-ball, 1972)",1772,1425,"https://fr.wikipedia.org/wiki/Eric_Williams_(basket-ball,_1972)"
2026-09-23T10:12:56+00:00,C,TNA Lockdown (2015),1846,2331,https://fr.wikipedia.org/wiki/TNA_Lockdown_(2015)
2026-09-23T10:12:56+00:00,PC,Vieillespesse,3567,6815,https://fr.wikipedia.org/wiki/Vieillespesse
2026-09-23T10:31:58+00:00,C,Oblewo,1604,1337,https://fr.wikipedia.org/wiki/Oblewo
2026-09-23T10:31:58+00:00,C,(305287) Olegyankov,1761,4567,https://fr.wikipedia.org/wiki/(305287)_Olegyankov
2026-09-23T10:31:58+00:00,C,Avre,1826,1276,https://fr.wikipedia.org/wiki/Avre
2026-09-23T10:31:58+00:00,C,Valorga,2112,5303,https://fr.wikipedia.org/wiki/Valorga
2026-09-23T10:31:58+00:00,R,Ketouba,4809,5418,https://fr.wikipedia.org/wiki/Ketouba
2026-09-23T10:32:02+00:00,C,Kindattu,1615,4209,https://fr.wikipedia.org/wiki/Kindattu
2026-09-23T10:32:02+00:00,C,Kahina (groupe),1881,4871,https://fr.wikipedia.org/wiki/Kahina_(groupe)
2026-09-23T10:32:02+00:00,C,The Walt Disney Company Germany,2014,4806,https://fr.wikipedia.org/wiki/The_Walt_Disney_Company_Germany
2026-09-23T10:32:02+00:00,C,Colombier de Maros,1698,3576,https://fr.wikipedia.org/wiki/Colombier_de_Maros
2026-09-23T10:32:02+00:00,PC,Vallée du Moudang,3029,3622,https://fr.wikipedia.org/wiki/Vall%C3%A9e_du_Moudang
2026-09-23T10:46:44+00:00,C,Championnat du Venezuela de football 2009-2010,1980,2627,https://fr.wikipedia.org/wiki/Championnat_du_Venezuela_de_football_2009-2010
2026-09-23T10:46:44+00:00,C,Alberto Ferro,1696,4032,https://fr.wikipedia.org/wiki/Alberto_Ferro
2026-09-23T10:46:44+00:00,C,Challenge Yves du Manoir 1964-1965,2002,3360,https://fr.wikipedia.org/wiki/Challenge_Yves_du_Manoir_1964-1965
2026-09-23T10:46:44+00:00,PC,Octavien de Quingey,2903,2280,https://fr.wikipedia.org/wiki/Octavien_de_Quingey
2026-09-23T10:46:44+00:00,R,Quena,5941,8100,https://fr.wikipedia.org/wiki/Quena
2026-09-23T10:55:56+00:00,C,L'Ombre déchirée,1738,2343,https://fr.wikipedia.org/wiki/L%27Ombre_d%C3%A9chir%C3%A9e
2026-09-23T10:55:56+00:00,PC,Marius Ernest Sabino,3225,4607,https://fr.wikipedia.org/wiki/Marius_Ernest_Sabino
2026-09-23T10:55:56+00:00,PC,Forcado,3122,3821,https://fr.wikipedia.org/wiki/Forcado
2026-09-23T10:55:56+00:00,PC,1370,3210,4985,https://fr.wikipedia.org/wiki/1370
2026-09-23T10:55:56+00:00,PC,Conscience de soi (Hegel),3489,3409,https://fr.wikipedia.org/wiki/Conscience_de_soi_(Hegel)
